Birmingham,Ann Arbor,Beverly Hills,Bloomfield Charter Township,Troy,Franklin,Grosse Pointe Farms,Grosse Pointe Park,Novi,Huntington Woods,Grosse Pointe,Northville Township,Pittsfield Charter Township,Northville,Lodi Township,Rochester Hills,Grosse Pointe Woods,Farmington,Royal Oak,West Bloomfield Charter Township,Plymouth,Farmington Hills,Berkley,Village of Grosse Pointe Shores,Bloomfield Hills
Rochester,Plymouth Charter Township,Saline,Canton Charter Township,Pleasant Ridge,Orchard Lake Village,Superior Charter Township,Oakland Charter Township,Lake Orion,Grosse Ile Township,Keego Harbor,Milford,Lyon Charter Township,Brighton Township,Livonia,Wixom,Ferndale,York Charter Township,Independence Charter Township,Clawson,Wolverine Lake,Lathrup Village,Brighton,Green Oak Township,South Lyon
Brush Park,Corktown,Walled Lake,Auburn Hills,Sherwood Forest,Bingham Farms,Shelby Charter Township,Oxford,Palmer Woods,Dearborn,Utica,Trenton,Springfield Charter Township,Sterling Heights,Allen Park,White Lake Charter Township,Woodbridge,St. Clair Shores,Waterford Charter Township,Salem Township,Harper Woods,Highland Charter Township,Woodhaven,Fraser,Madison Heights
Southfield,Sylvan Lake,West Woodbridge,Rivertown,Van Buren Charter Township,Brownstown Charter Township,Ypsilanti Charter Township,Milan,Oak Park,Riverview,Macomb Township,Wyandotte,New Baltimore,Lafayette Park,Ypsilanti,Gibraltar,Romeo,Whitmore Lake,Huron Charter Township,Clinton Charter Township,University District,Belleville,Warren,Westland,Dearborn Heights
Flat Rock,Chesterfield Township,Southgate,Downtown,Hubbard Richard,Carleton,Rockwood,Melvindale,Indian Village,South Rockwood,Ira Township,Mount Clemens,Augusta Charter Township,Midtown,Sumpter Township,Harrison Charter Township,North Rosedale Park,Center Line,Redford Charter Township,Green Acres,Boston Edison,Hamtramck,Romulus,Far West Detroit,Lincoln Park
Roseville,Wayne,Eastpointe,New Haven,Hazel Park,Rouge Park,Garden City,Taylor,Rosedale Park,Ray Township,Historic Atkinson,Gold Coast,East English Village,Martin Park,Pontiac,Piety Hill,West Outer Drive,Virginia Park,Royal Oak Charter Township,New Center Commons,Buffalo,Cultural Center,Gateway Community,Grandmont #1,Mexicantown
Ecorse,River Rouge,Aviation Sub,North Corktown,Inkster,Grandmont,Berg-Lahser,Core City,Herman Kiefer,Hubbard Farms,Southwest Detroit,Greenwich,Evergreen Lahser 7/8,Detroit,Henry Ford,Morningside,Medbury Park,Jefferson Chalmers,Eliza Howell,Campau/Banglatown,Bagley,West Village,Westwood Park,Moross-Morang,Poletown East
The Eye,Chadsey Condon,Milwaukee Junction,Grixdale Farms,Cornerstone Village,Winship,Claytown,Minock Park,Pembroke,North End Neighborhood,Miller Grove,Springwells,Castle Rouge,Five Points,Warren Ave Community,Crary/St Marys,Davison,South of Six,North End,O&apos;Hair Park,Elmwood Park,Evergreen-Outer Drive,Regent Park,Mount Olivet,Brightmoor
Belmont,Delray,Boynton,Fox Creek,Blackstone Park,Islandview,Warrendale,Plymouth-Hubbell,Franklin Park,Arden Park,Grant,Joy-Schaefer,Hubbell-Puritan,Riverdale,Von Steuben,Russell Woods,Dexter-Linwood,Airport Sub,Mohican Regent,Eden Gardens,Conner Creek,Joy Community,Fiskhorn,Pingree  Park,Sherwood
Michigan-Martin,Marina District,Fitzgerald,Cadillac Heights,Greenfield,Nolan,Butler,Midwest,Southfield Plymouth,Schulze,Elijah McCoy,Tri-Point,Pilgrim Village,Palmer Park,Oakman Blvd Community,Barton-McFarland,Garden View,Schoolcraft-I96,College Park,East Village,Mack Avenue,Jamison,Pride Area Community,Hubbell-Lyndon,Schaefer 7/8 Lodge
Northeast Central District,Pulaski,Farwell,Outer Drive-Hayes,Harmony Village,Bentler-Pickford,LaSalle College Park,Denby,Northwest Community,Mapleridge,Nortown,Gratiot Woods,Gratiot-Grand,Conant Gardens,Weatherby,Franklin,McDougall,Seven Mile-Rouge,Hawthorne Park,Pershing,Grand River-I96,LaSalle Gardens,Davison-Schoolcraft,Nardin Park,Grand River-St Marys
Krainz Woods,Ravendale,Gratiot-Findlay,Wade,Yorkshire Woods,Greenfield-Grand River,We Care Community,Jeffries,Wildemere Park,Penrose,Petoskey-Otsego,Littlefield Community,Gratiot Town/Ketterring,NW Goldberg,Chandler Park,Southfield Township,Scio Township,Novi Township,Barton Hills,Orion Charter Township,Village of Clarkston,Commerce Charter Township,Milford Charter Township,Oxford Charter Township,Addison Township
Greektown,Northfield Township,Washington Township,Lake Angelus,Tech Town,New Center,Berlin Charter Township,Bruce Township,Waterworks Park,Joseph Berry Sub,London Township,Lenox Township,Ash Township,Melvern Hill,Foxtown,Old Redford,Wayne State,Exeter Township,Oak Grove,Oakwood Heights,Medical Center,Highland Park,Hunt,Forest Park,Eastern Market
